--
-- PostgreSQL database dump
--

-- Dumped from database version 13.10
-- Dumped by pg_dump version 15.0

-- Started on 2023-09-03 23:21:10 CEST

SET statement_timeout = 0;
SET lock_timeout = 0;
SET idle_in_transaction_session_timeout = 0;
SET client_encoding = 'UTF8';
SET standard_conforming_strings = on;
SELECT pg_catalog.set_config('search_path', '', false);
SET check_function_bodies = false;
SET xmloption = content;
SET client_min_messages = warning;
SET row_security = off;

--
-- TOC entry 5 (class 2615 OID 2200)
-- Name: public; Type: SCHEMA; Schema: -; Owner: postgres
--

-- *not* creating schema, since initdb creates it


ALTER SCHEMA public OWNER TO postgres;

SET default_tablespace = '';

SET default_table_access_method = heap;

--
-- TOC entry 205 (class 1259 OID 25000)
-- Name: category; Type: TABLE; Schema: public; Owner: postgres
--

CREATE TABLE public.category (
    id integer NOT NULL,
    title character varying NOT NULL,
    description character varying,
    parent_id integer,
    image character varying
);


ALTER TABLE public.category OWNER TO postgres;

--
-- TOC entry 209 (class 1259 OID 25027)
-- Name: category_field; Type: TABLE; Schema: public; Owner: postgres
--

CREATE TABLE public.category_field (
    id integer NOT NULL,
    category_id integer,
    field_name character varying NOT NULL,
    field_type_id integer
);


ALTER TABLE public.category_field OWNER TO postgres;

--
-- TOC entry 208 (class 1259 OID 25025)
-- Name: category_field_id_seq; Type: SEQUENCE; Schema: public; Owner: postgres
--

ALTER TABLE public.category_field ALTER COLUMN id ADD GENERATED BY DEFAULT AS IDENTITY (
    SEQUENCE NAME public.category_field_id_seq
    START WITH 1
    INCREMENT BY 1
    NO MINVALUE
    NO MAXVALUE
    CACHE 1
);


--
-- TOC entry 204 (class 1259 OID 24998)
-- Name: category_id_seq; Type: SEQUENCE; Schema: public; Owner: postgres
--

ALTER TABLE public.category ALTER COLUMN id ADD GENERATED BY DEFAULT AS IDENTITY (
    SEQUENCE NAME public.category_id_seq
    START WITH 1
    INCREMENT BY 1
    NO MINVALUE
    NO MAXVALUE
    CACHE 1
);


--
-- TOC entry 207 (class 1259 OID 25017)
-- Name: field_type; Type: TABLE; Schema: public; Owner: postgres
--

CREATE TABLE public.field_type (
    id integer NOT NULL,
    name character varying NOT NULL
);


ALTER TABLE public.field_type OWNER TO postgres;

--
-- TOC entry 206 (class 1259 OID 25015)
-- Name: field_type_id_seq; Type: SEQUENCE; Schema: public; Owner: postgres
--

ALTER TABLE public.field_type ALTER COLUMN id ADD GENERATED BY DEFAULT AS IDENTITY (
    SEQUENCE NAME public.field_type_id_seq
    START WITH 1
    INCREMENT BY 1
    NO MINVALUE
    NO MAXVALUE
    CACHE 1
);


--
-- TOC entry 217 (class 1259 OID 25108)
-- Name: option; Type: TABLE; Schema: public; Owner: postgres
--

CREATE TABLE public.option (
    id integer NOT NULL,
    category_field_id integer,
    name character varying NOT NULL
);


ALTER TABLE public.option OWNER TO postgres;

--
-- TOC entry 216 (class 1259 OID 25106)
-- Name: option_id_seq; Type: SEQUENCE; Schema: public; Owner: postgres
--

ALTER TABLE public.option ALTER COLUMN id ADD GENERATED BY DEFAULT AS IDENTITY (
    SEQUENCE NAME public.option_id_seq
    START WITH 1
    INCREMENT BY 1
    NO MINVALUE
    NO MAXVALUE
    CACHE 1
);


--
-- TOC entry 213 (class 1259 OID 25067)
-- Name: post; Type: TABLE; Schema: public; Owner: postgres
--

CREATE TABLE public.post (
    id integer NOT NULL,
    category_id integer,
    title character varying NOT NULL,
    content text,
    user_id integer,
    created_at timestamp without time zone DEFAULT now() NOT NULL,
    image character varying
);


ALTER TABLE public.post OWNER TO postgres;

--
-- TOC entry 215 (class 1259 OID 25088)
-- Name: post_field_value; Type: TABLE; Schema: public; Owner: postgres
--

CREATE TABLE public.post_field_value (
    id integer NOT NULL,
    post_id integer,
    category_field_id integer,
    value character varying
);


ALTER TABLE public.post_field_value OWNER TO postgres;

--
-- TOC entry 214 (class 1259 OID 25086)
-- Name: post_field_value_id_seq; Type: SEQUENCE; Schema: public; Owner: postgres
--

ALTER TABLE public.post_field_value ALTER COLUMN id ADD GENERATED BY DEFAULT AS IDENTITY (
    SEQUENCE NAME public.post_field_value_id_seq
    START WITH 1
    INCREMENT BY 1
    NO MINVALUE
    NO MAXVALUE
    CACHE 1
);


--
-- TOC entry 212 (class 1259 OID 25065)
-- Name: post_id_seq; Type: SEQUENCE; Schema: public; Owner: postgres
--

ALTER TABLE public.post ALTER COLUMN id ADD GENERATED BY DEFAULT AS IDENTITY (
    SEQUENCE NAME public.post_id_seq
    START WITH 1
    INCREMENT BY 1
    NO MINVALUE
    NO MAXVALUE
    CACHE 1
);


--
-- TOC entry 201 (class 1259 OID 24971)
-- Name: role; Type: TABLE; Schema: public; Owner: postgres
--

CREATE TABLE public.role (
    id integer NOT NULL,
    name character varying
);


ALTER TABLE public.role OWNER TO postgres;

--
-- TOC entry 200 (class 1259 OID 24969)
-- Name: role_id_seq; Type: SEQUENCE; Schema: public; Owner: postgres
--

ALTER TABLE public.role ALTER COLUMN id ADD GENERATED BY DEFAULT AS IDENTITY (
    SEQUENCE NAME public.role_id_seq
    START WITH 1
    INCREMENT BY 1
    NO MINVALUE
    NO MAXVALUE
    CACHE 1
);


--
-- TOC entry 203 (class 1259 OID 24981)
-- Name: user; Type: TABLE; Schema: public; Owner: postgres
--

CREATE TABLE public."user" (
    id integer NOT NULL,
    email character varying NOT NULL,
    password character varying NOT NULL,
    username character varying NOT NULL,
    role_id integer
);


ALTER TABLE public."user" OWNER TO postgres;

--
-- TOC entry 211 (class 1259 OID 25047)
-- Name: user_filter; Type: TABLE; Schema: public; Owner: postgres
--

CREATE TABLE public.user_filter (
    id integer NOT NULL,
    user_id integer,
    category_id integer,
    filter json NOT NULL
);


ALTER TABLE public.user_filter OWNER TO postgres;

--
-- TOC entry 210 (class 1259 OID 25045)
-- Name: user_filter_id_seq; Type: SEQUENCE; Schema: public; Owner: postgres
--

ALTER TABLE public.user_filter ALTER COLUMN id ADD GENERATED BY DEFAULT AS IDENTITY (
    SEQUENCE NAME public.user_filter_id_seq
    START WITH 1
    INCREMENT BY 1
    NO MINVALUE
    NO MAXVALUE
    CACHE 1
);


--
-- TOC entry 202 (class 1259 OID 24979)
-- Name: user_id_seq; Type: SEQUENCE; Schema: public; Owner: postgres
--

ALTER TABLE public."user" ALTER COLUMN id ADD GENERATED BY DEFAULT AS IDENTITY (
    SEQUENCE NAME public.user_id_seq
    START WITH 1
    INCREMENT BY 1
    NO MINVALUE
    NO MAXVALUE
    CACHE 1
);


--
-- TOC entry 3937 (class 0 OID 25000)
-- Dependencies: 205
-- Data for Name: category; Type: TABLE DATA; Schema: public; Owner: postgres
--

COPY public.category (id, title, description, parent_id, image) FROM stdin;
51	Klubovi Obožavatelja	Mjesto za ljubitelje različitih interesa, poput glazbenih izvođača i filmskih zvijezda. Unutar ove kategorije, članovi mogu dijeliti sadržaje, diskutirati o omiljenim temama i povezivati se s istomišljenicima iz svoje zajednice. 	\N	https://media.istockphoto.com/id/882998272/vector/fan-club-stamp-illustration.jpg?s=612x612&w=0&k=20&c=vVoAjmtnADqOQMuLBPpG_g0HUm0IujjuGKM7H-SX_Fw=
41	Događaji	Otkrijte i podijelite nadolazeće događaje iz različitih sfera interesa. Bilo da su to koncerti, radionice ili sportski susreti, ova kategorija omogućuje povezivanje organizatora i zainteresiranih sudionika.	\N	https://media.istockphoto.com/id/978975308/vector/upcoming-events-neon-signs-vector-upcoming-events-design-template-neon-sign-light-banner-neon.jpg?s=612x612&w=0&k=20&c=VMCoJJda9L17HVkFOFB3fyDpjC4Qu2AsyYn3u4T4F4c=
42	Sportski događaji	Pronađite i pridružite se nadolazećim sportskim događanjima. Od nogometnih utakmica, košarkaških turnira do trkačkih manifestacija, ovdje možete pronaći razne sportske susrete.	41	https://sport.ec.europa.eu/sites/default/files/styles/eac_ratio_16_9_w_800/public/2023-04/Web%20Banner%201380x776_EU%20Sport%20Forum%202023_V01-01_1.jpg?h=bd7da5e6&itok=R0FL685J
43	Poslovi	Pronađite ili ponudite prilike za zaposlenje na različitim pozicijama i sektorima. Bilo da tražite stalni radni odnos, honorarni posao ili studentski posao, ova kategorija nudi širok spektar mogućnosti.	\N	https://www.gpb.org/sites/default/files/styles/flexheight/public/blogs/images/2017/10/23/in_demand_jobs.jpg?itok=ziUuhVyp
45	Oglasi	Pronađite ili ponudite različite artikle i usluge. Bilo da želite prodati neku staru stvar, tražite nekretninu za iznajmljivanje ili želite kupiti nešto novo, ova kategorija vam pruža platformu za povezivanje s prodavateljima i kupcima iz vaše zajednice.	\N	https://99designs-blog.imgix.net/blog/wp-content/uploads/2021/04/97744167.jpg?auto=format&q=60&fit=max&w=930
53	Glazbeni Koncerti	Pronađite i prisustvujte nadolazećim glazbenim koncertima. Od jazz večeri, rock koncerata do velikih glazbenih festivala, ovdje možete pronaći razna glazbena događanja koja odgovaraju vašem ukusu. Uronite u svijet melodija i ritma te osjetite energiju žive glazbe	41	https://scontent.fsjj2-1.fna.fbcdn.net/v/t39.30808-6/306834928_162595426368658_9061723638539352716_n.jpg?_nc_cat=105&ccb=1-7&_nc_sid=e3f864&_nc_ohc=JClJlX3CpK8AX_X-FTA&_nc_ht=scontent.fsjj2-1.fna&oh=00_AfBZQCQMFuzTo47EHJNJgQbsM9XfXhjVocZDcatijA7AXg&oe=64E7EA27
\.


--
-- TOC entry 3941 (class 0 OID 25027)
-- Dependencies: 209
-- Data for Name: category_field; Type: TABLE DATA; Schema: public; Owner: postgres
--

COPY public.category_field (id, category_id, field_name, field_type_id) FROM stdin;
58	41	Mjesto	4
59	41	Kontakt informacije	1
60	41	Cijena (€)	2
61	41	Datum	3
62	42	Vrsta sporta	4
63	43	Datum početka rada	3
64	43	Opis posla	1
65	43	Lokacija	4
66	43	Vrsta zaposlenja	4
67	43	Djelatnost	4
68	43	Plaća	2
74	53	Izvođač	1
75	53	Žanr	4
\.


--
-- TOC entry 3939 (class 0 OID 25017)
-- Dependencies: 207
-- Data for Name: field_type; Type: TABLE DATA; Schema: public; Owner: postgres
--

COPY public.field_type (id, name) FROM stdin;
1	text
2	number
3	date
4	select
5	boolean
6	multi-select
\.


--
-- TOC entry 3949 (class 0 OID 25108)
-- Dependencies: 217
-- Data for Name: option; Type: TABLE DATA; Schema: public; Owner: postgres
--

COPY public.option (id, category_field_id, name) FROM stdin;
68	58	Zagreb
69	58	Split
70	58	Rijeka
71	58	Osijek
72	58	Zadar
73	58	Slavonski Brod
74	58	Pula
75	58	Sesvete
76	58	Karlovac
77	58	Varaždin
78	58	Šibenik
79	58	Sisak
80	62	Nogomet
81	62	Košarka
82	62	Rukomet
83	62	Tenis
84	62	Plivanje
85	62	Atletika
86	65	Zagreb
87	65	Split
88	65	Rijeka
89	65	Osijek
90	65	Zadar
91	65	Slavonski Brod
92	65	Pula
93	65	Sesvete
94	65	Karlovac
95	65	Varaždin
96	65	Šibenik
97	65	Sisak
98	66	Stalni radni odnos
99	66	Rad na određeno vrijeme
100	66	Honorarni posao
101	66	Volontiranje
102	66	Praksa
103	66	Studentski posao
104	67	IT
105	67	Građevina
106	67	Financije
107	67	Turizam
108	67	Zdravstvo
109	67	Edukacija
110	67	Poljoprivreda
111	67	Proizvodnja
112	67	Trgovina
113	67	Transport
121	75	Rock
122	75	Pop
123	75	Jazz
124	75	Klasična glazba
125	75	Folk i Country
126	75	Hip-hop i Rap
127	75	Metal
\.


--
-- TOC entry 3945 (class 0 OID 25067)
-- Dependencies: 213
-- Data for Name: post; Type: TABLE DATA; Schema: public; Owner: postgres
--

COPY public.post (id, category_id, title, content, user_id, created_at, image) FROM stdin;
47	53	Zdravko Čolić u pratnji simfonijskog orkestra - Arena Pula	Doživite magičnu večer s Zdravkom Čolićem i simfonijskim orkestrom u povijesnom ambijentu Arene Pula	11	2023-08-21 14:37:54.464	\N
49	53	Prljavo kazalište u Osijeku	Dvorana Gradski vrt	11	2023-08-21 14:41:56.081	\N
50	53	Doris @ Arena Zagreb vol. 2 • 26.11.2023	ARENA ZAGREB	11	2023-08-21 14:50:31.424	\N
51	53	VIBE MUSIC FESTIVAL	Spremi se za najjaču završnicu ljeta uz VIBE MUSIC FESTIVAL! U grad Split stižu ti najtraženiji izvođači regije! Prepusti se brutalnom vibeu 22.09.2023. u dvorani Gripe.	11	2023-08-21 17:25:48.271	\N
54	43	React.js/Node.js (Full-stack Developer) - Softray Solutions	Tražimo vještog i iskusnog React.js/Node.js Full Stack developera za pridruživanje našem timu. Osoba će biti odgovorna za razvoj i održavanje web aplikacija koristeći React.js i Node.js tehnologije. Idealni kandidat ima snažnu pozadinu u tim tehnologijama i strast prema isporuci kvalitetnih softverskih rješenja.	11	2023-08-25 00:02:44.862	\N
\.


--
-- TOC entry 3947 (class 0 OID 25088)
-- Dependencies: 215
-- Data for Name: post_field_value; Type: TABLE DATA; Schema: public; Owner: postgres
--

COPY public.post_field_value (id, post_id, category_field_id, value) FROM stdin;
138	47	58	74
139	47	59	info@eventim.hr
140	47	60	35
141	47	61	2023-09-20
142	47	74	Zdravko Čolić
143	47	75	122
150	49	58	71
151	49	59	info@eventim.hr
152	49	60	20
153	49	61	2023-12-22
154	49	74	Prljavo kazalište
155	49	75	121
156	50	58	68
157	50	59	info@eventim.hr
158	50	60	30
159	50	61	2023-11-26
160	50	74	Doris Dragović
161	50	75	122
162	51	58	69
163	51	59	info@eventim.hr
164	51	60	20
165	51	61	2023-09-22
166	51	74	Gazda Paja, Nucci i Voyage
167	51	75	126
168	54	63	2023-09-15
169	54	64	Razvoj i implementacija visoko responzivnih korisničkih sučelja; Pisanje testabilnog, ponovno upotrebljivog i učinkovitog koda
170	54	65	86
171	54	66	98
172	54	67	104
173	54	68	1500
\.


--
-- TOC entry 3933 (class 0 OID 24971)
-- Dependencies: 201
-- Data for Name: role; Type: TABLE DATA; Schema: public; Owner: postgres
--

COPY public.role (id, name) FROM stdin;
3	admin
4	user
\.


--
-- TOC entry 3935 (class 0 OID 24981)
-- Dependencies: 203
-- Data for Name: user; Type: TABLE DATA; Schema: public; Owner: postgres
--

COPY public."user" (id, email, password, username, role_id) FROM stdin;
6	user1@example.com	user123	user1	4
10	example@example.com	$2b$10$Ie5YPJ2/VxAl5E3d/ZNnQ.yxHdsLPcb5O7j1rXYscCfzJiFmSPmG2	exampleUser	\N
12	test@test.com	$2b$10$XLR9oULNWWlfgzPCUtFQl.orIXIMu4EY8CdPDRQADnyH/76lgNJmO	test123	\N
11	pandzic01@gmail.com	$2b$10$9dtOsXQDIIU91.wWqhO3bOTwUswklh.SGfKnygscVRftqOrZwtvIm	zpandzic	3
13	admin@fer.hr	$2b$10$t2oaoBQWM3VkWaDt1E2LgOcbMvRWOBxglEPVU6rROz6exEfbMi5Lu	Admin	3
\.


--
-- TOC entry 3943 (class 0 OID 25047)
-- Dependencies: 211
-- Data for Name: user_filter; Type: TABLE DATA; Schema: public; Owner: postgres
--

COPY public.user_filter (id, user_id, category_id, filter) FROM stdin;
30	11	43	"{\\"category_fields\\":[{\\"category_fields_id\\":63,\\"field_type_id\\":3,\\"filter\\":{\\"min_value\\":\\"2023-09-01\\",\\"max_value\\":\\"2023-09-30\\"}},{\\"category_fields_id\\":65,\\"field_type_id\\":4,\\"filter\\":{\\"value\\":\\"86\\"}},{\\"category_fields_id\\":66,\\"field_type_id\\":4,\\"filter\\":{\\"value\\":\\"98\\"}},{\\"category_fields_id\\":67,\\"field_type_id\\":4,\\"filter\\":{\\"value\\":\\"104\\"}},{\\"category_fields_id\\":68,\\"field_type_id\\":2,\\"filter\\":{\\"min_value\\":1000}}],\\"title\\":\\"\\",\\"content\\":\\"\\"}"
29	11	53	"{\\"category_fields\\":[{\\"category_fields_id\\":58,\\"field_type_id\\":4,\\"filter\\":{\\"value\\":\\"68\\"}},{\\"category_fields_id\\":60,\\"field_type_id\\":2,\\"filter\\":{\\"max_value\\":30}},{\\"category_fields_id\\":61,\\"field_type_id\\":3,\\"filter\\":{\\"min_value\\":\\"2023-10-01\\",\\"max_value\\":\\"2023-12-31\\"}},{\\"category_fields_id\\":75,\\"field_type_id\\":4,\\"filter\\":{\\"value\\":\\"122\\"}}],\\"title\\":\\"\\",\\"content\\":\\"\\"}"
\.


--
-- TOC entry 3956 (class 0 OID 0)
-- Dependencies: 208
-- Name: category_field_id_seq; Type: SEQUENCE SET; Schema: public; Owner: postgres
--

SELECT pg_catalog.setval('public.category_field_id_seq', 75, true);


--
-- TOC entry 3957 (class 0 OID 0)
-- Dependencies: 204
-- Name: category_id_seq; Type: SEQUENCE SET; Schema: public; Owner: postgres
--

SELECT pg_catalog.setval('public.category_id_seq', 55, true);


--
-- TOC entry 3958 (class 0 OID 0)
-- Dependencies: 206
-- Name: field_type_id_seq; Type: SEQUENCE SET; Schema: public; Owner: postgres
--

SELECT pg_catalog.setval('public.field_type_id_seq', 6, true);


--
-- TOC entry 3959 (class 0 OID 0)
-- Dependencies: 216
-- Name: option_id_seq; Type: SEQUENCE SET; Schema: public; Owner: postgres
--

SELECT pg_catalog.setval('public.option_id_seq', 127, true);


--
-- TOC entry 3960 (class 0 OID 0)
-- Dependencies: 214
-- Name: post_field_value_id_seq; Type: SEQUENCE SET; Schema: public; Owner: postgres
--

SELECT pg_catalog.setval('public.post_field_value_id_seq', 173, true);


--
-- TOC entry 3961 (class 0 OID 0)
-- Dependencies: 212
-- Name: post_id_seq; Type: SEQUENCE SET; Schema: public; Owner: postgres
--

SELECT pg_catalog.setval('public.post_id_seq', 57, true);


--
-- TOC entry 3962 (class 0 OID 0)
-- Dependencies: 200
-- Name: role_id_seq; Type: SEQUENCE SET; Schema: public; Owner: postgres
--

SELECT pg_catalog.setval('public.role_id_seq', 11, true);


--
-- TOC entry 3963 (class 0 OID 0)
-- Dependencies: 210
-- Name: user_filter_id_seq; Type: SEQUENCE SET; Schema: public; Owner: postgres
--

SELECT pg_catalog.setval('public.user_filter_id_seq', 32, true);


--
-- TOC entry 3964 (class 0 OID 0)
-- Dependencies: 202
-- Name: user_id_seq; Type: SEQUENCE SET; Schema: public; Owner: postgres
--

SELECT pg_catalog.setval('public.user_id_seq', 12, true);


--
-- TOC entry 3782 (class 2606 OID 25034)
-- Name: category_field category_field_pkey; Type: CONSTRAINT; Schema: public; Owner: postgres
--

ALTER TABLE ONLY public.category_field
    ADD CONSTRAINT category_field_pkey PRIMARY KEY (id);


--
-- TOC entry 3776 (class 2606 OID 25007)
-- Name: category category_pkey; Type: CONSTRAINT; Schema: public; Owner: postgres
--

ALTER TABLE ONLY public.category
    ADD CONSTRAINT category_pkey PRIMARY KEY (id);


--
-- TOC entry 3778 (class 2606 OID 25009)
-- Name: category category_title_key; Type: CONSTRAINT; Schema: public; Owner: postgres
--

ALTER TABLE ONLY public.category
    ADD CONSTRAINT category_title_key UNIQUE (title);


--
-- TOC entry 3780 (class 2606 OID 25024)
-- Name: field_type field_type_pkey; Type: CONSTRAINT; Schema: public; Owner: postgres
--

ALTER TABLE ONLY public.field_type
    ADD CONSTRAINT field_type_pkey PRIMARY KEY (id);


--
-- TOC entry 3790 (class 2606 OID 25115)
-- Name: option option_pkey; Type: CONSTRAINT; Schema: public; Owner: postgres
--

ALTER TABLE ONLY public.option
    ADD CONSTRAINT option_pkey PRIMARY KEY (id);


--
-- TOC entry 3788 (class 2606 OID 25095)
-- Name: post_field_value post_field_value_pkey; Type: CONSTRAINT; Schema: public; Owner: postgres
--

ALTER TABLE ONLY public.post_field_value
    ADD CONSTRAINT post_field_value_pkey PRIMARY KEY (id);


--
-- TOC entry 3786 (class 2606 OID 25075)
-- Name: post post_pkey; Type: CONSTRAINT; Schema: public; Owner: postgres
--

ALTER TABLE ONLY public.post
    ADD CONSTRAINT post_pkey PRIMARY KEY (id);


--
-- TOC entry 3768 (class 2606 OID 24978)
-- Name: role role_pkey; Type: CONSTRAINT; Schema: public; Owner: postgres
--

ALTER TABLE ONLY public.role
    ADD CONSTRAINT role_pkey PRIMARY KEY (id);


--
-- TOC entry 3770 (class 2606 OID 24990)
-- Name: user user_email_key; Type: CONSTRAINT; Schema: public; Owner: postgres
--

ALTER TABLE ONLY public."user"
    ADD CONSTRAINT user_email_key UNIQUE (email);


--
-- TOC entry 3784 (class 2606 OID 25054)
-- Name: user_filter user_filter_pkey; Type: CONSTRAINT; Schema: public; Owner: postgres
--

ALTER TABLE ONLY public.user_filter
    ADD CONSTRAINT user_filter_pkey PRIMARY KEY (id);


--
-- TOC entry 3772 (class 2606 OID 24988)
-- Name: user user_pkey; Type: CONSTRAINT; Schema: public; Owner: postgres
--

ALTER TABLE ONLY public."user"
    ADD CONSTRAINT user_pkey PRIMARY KEY (id);


--
-- TOC entry 3774 (class 2606 OID 24992)
-- Name: user user_username_key; Type: CONSTRAINT; Schema: public; Owner: postgres
--

ALTER TABLE ONLY public."user"
    ADD CONSTRAINT user_username_key UNIQUE (username);


--
-- TOC entry 3793 (class 2606 OID 25035)
-- Name: category_field category_field_category_id_fkey; Type: FK CONSTRAINT; Schema: public; Owner: postgres
--

ALTER TABLE ONLY public.category_field
    ADD CONSTRAINT category_field_category_id_fkey FOREIGN KEY (category_id) REFERENCES public.category(id) ON DELETE CASCADE;


--
-- TOC entry 3794 (class 2606 OID 25040)
-- Name: category_field category_field_field_type_id_fkey; Type: FK CONSTRAINT; Schema: public; Owner: postgres
--

ALTER TABLE ONLY public.category_field
    ADD CONSTRAINT category_field_field_type_id_fkey FOREIGN KEY (field_type_id) REFERENCES public.field_type(id) ON DELETE CASCADE;


--
-- TOC entry 3792 (class 2606 OID 25010)
-- Name: category category_parent_id_fkey; Type: FK CONSTRAINT; Schema: public; Owner: postgres
--

ALTER TABLE ONLY public.category
    ADD CONSTRAINT category_parent_id_fkey FOREIGN KEY (parent_id) REFERENCES public.category(id) ON DELETE CASCADE;


--
-- TOC entry 3801 (class 2606 OID 25116)
-- Name: option option_category_field_id_fkey; Type: FK CONSTRAINT; Schema: public; Owner: postgres
--

ALTER TABLE ONLY public.option
    ADD CONSTRAINT option_category_field_id_fkey FOREIGN KEY (category_field_id) REFERENCES public.category_field(id) ON DELETE CASCADE;


--
-- TOC entry 3797 (class 2606 OID 25076)
-- Name: post post_category_id_fkey; Type: FK CONSTRAINT; Schema: public; Owner: postgres
--

ALTER TABLE ONLY public.post
    ADD CONSTRAINT post_category_id_fkey FOREIGN KEY (category_id) REFERENCES public.category(id) ON DELETE CASCADE;


--
-- TOC entry 3799 (class 2606 OID 25101)
-- Name: post_field_value post_field_value_category_field_id_fkey; Type: FK CONSTRAINT; Schema: public; Owner: postgres
--

ALTER TABLE ONLY public.post_field_value
    ADD CONSTRAINT post_field_value_category_field_id_fkey FOREIGN KEY (category_field_id) REFERENCES public.category_field(id) ON DELETE CASCADE;


--
-- TOC entry 3800 (class 2606 OID 25096)
-- Name: post_field_value post_field_value_post_id_fkey; Type: FK CONSTRAINT; Schema: public; Owner: postgres
--

ALTER TABLE ONLY public.post_field_value
    ADD CONSTRAINT post_field_value_post_id_fkey FOREIGN KEY (post_id) REFERENCES public.post(id) ON DELETE CASCADE;


--
-- TOC entry 3798 (class 2606 OID 25081)
-- Name: post post_user_id_fkey; Type: FK CONSTRAINT; Schema: public; Owner: postgres
--

ALTER TABLE ONLY public.post
    ADD CONSTRAINT post_user_id_fkey FOREIGN KEY (user_id) REFERENCES public."user"(id);


--
-- TOC entry 3795 (class 2606 OID 25060)
-- Name: user_filter user_filter_category_id_fkey; Type: FK CONSTRAINT; Schema: public; Owner: postgres
--

ALTER TABLE ONLY public.user_filter
    ADD CONSTRAINT user_filter_category_id_fkey FOREIGN KEY (category_id) REFERENCES public.category(id) ON DELETE CASCADE;


--
-- TOC entry 3796 (class 2606 OID 25055)
-- Name: user_filter user_filter_user_id_fkey; Type: FK CONSTRAINT; Schema: public; Owner: postgres
--

ALTER TABLE ONLY public.user_filter
    ADD CONSTRAINT user_filter_user_id_fkey FOREIGN KEY (user_id) REFERENCES public."user"(id) ON DELETE CASCADE;


--
-- TOC entry 3791 (class 2606 OID 24993)
-- Name: user user_role_id_fkey; Type: FK CONSTRAINT; Schema: public; Owner: postgres
--

ALTER TABLE ONLY public."user"
    ADD CONSTRAINT user_role_id_fkey FOREIGN KEY (role_id) REFERENCES public.role(id);


--
-- TOC entry 3955 (class 0 OID 0)
-- Dependencies: 5
-- Name: SCHEMA public; Type: ACL; Schema: -; Owner: postgres
--

REVOKE USAGE ON SCHEMA public FROM PUBLIC;
GRANT ALL ON SCHEMA public TO PUBLIC;


-- Completed on 2023-09-03 23:21:28 CEST

--
-- PostgreSQL database dump complete
--

